position,organoid_id,day,prob_full,prob_occluded,importance
0,BA1_96_1_B9_nosplit,3.0,0.4676,0.4719,0.0043
1,BA1_96_1_B9_nosplit,6.0,0.4676,0.4687,0.0011
2,BA1_96_1_B9_nosplit,8.0,0.4676,0.4794,0.0117
3,BA1_96_1_B9_nosplit,10.0,0.4676,0.4975,0.0298
4,BA1_96_1_B9_nosplit,13.0,0.4676,0.4964,0.0288
5,BA1_96_1_B9_nosplit,15.0,0.4676,0.4957,0.0281
6,BA1_96_1_B9_nosplit,17.0,0.4676,0.4822,0.0146
7,BA1_96_1_B9_nosplit,20.5,0.4676,0.4868,0.0192
8,BA1_96_1_B9_nosplit,24.0,0.4676,0.4522,0.0155
9,BA1_96_1_B9_nosplit,28.0,0.4676,0.4292,0.0385
10,BA1_96_1_B9_nosplit,30.0,0.4676,0.2123,0.2553
,BA1_96_1_B9_nosplit,"set:3,6,8,10,13,15,17,20.5,24,28",0.4676,0.5162,0.0486
0,BA1_96_1_C10_nosplit,3.0,0.5296,0.5385,0.009
1,BA1_96_1_C10_nosplit,6.0,0.5296,0.5392,0.0096
2,BA1_96_1_C10_nosplit,8.0,0.5296,0.5397,0.0101
3,BA1_96_1_C10_nosplit,10.0,0.5296,0.5522,0.0226
4,BA1_96_1_C10_nosplit,13.0,0.5296,0.5505,0.0209
5,BA1_96_1_C10_nosplit,15.0,0.5296,0.5587,0.0291
6,BA1_96_1_C10_nosplit,17.0,0.5296,0.5381,0.0085
7,BA1_96_1_C10_nosplit,20.5,0.5296,0.5449,0.0154
8,BA1_96_1_C10_nosplit,24.0,0.5296,0.5159,0.0137
9,BA1_96_1_C10_nosplit,28.0,0.5296,0.4756,0.054
10,BA1_96_1_C10_nosplit,30.0,0.5296,0.2527,0.2768
,BA1_96_1_C10_nosplit,"set:3,6,8,10,13,15,17,20.5,24,28",0.5296,0.5207,0.0089
0,BA1_96_1_F2_nosplit,3.0,0.6376,0.6441,0.0065
1,BA1_96_1_F2_nosplit,6.0,0.6376,0.6472,0.0096
2,BA1_96_1_F2_nosplit,8.0,0.6376,0.6525,0.0149
3,BA1_96_1_F2_nosplit,10.0,0.6376,0.6525,0.0149
4,BA1_96_1_F2_nosplit,13.0,0.6376,0.6663,0.0287
5,BA1_96_1_F2_nosplit,15.0,0.6376,0.672,0.0344
6,BA1_96_1_F2_nosplit,17.0,0.6376,0.6466,0.009
7,BA1_96_1_F2_nosplit,20.5,0.6376,0.6554,0.0179
8,BA1_96_1_F2_nosplit,24.0,0.6376,0.6339,0.0036
9,BA1_96_1_F2_nosplit,28.0,0.6376,0.6083,0.0293
10,BA1_96_1_F2_nosplit,30.0,0.6376,0.2024,0.4352
,BA1_96_1_F2_nosplit,"set:3,6,8,10,13,15,17,20.5,24,28",0.6376,0.6629,0.0253
0,BA1_96_1_F4_nosplit,3.0,0.6221,0.6248,0.0027
1,BA1_96_1_F4_nosplit,6.0,0.6221,0.6323,0.0103
2,BA1_96_1_F4_nosplit,8.0,0.6221,0.6336,0.0116
3,BA1_96_1_F4_nosplit,10.0,0.6221,0.6467,0.0246
4,BA1_96_1_F4_nosplit,13.0,0.6221,0.657,0.0349
5,BA1_96_1_F4_nosplit,15.0,0.6221,0.6537,0.0316
6,BA1_96_1_F4_nosplit,17.0,0.6221,0.6365,0.0145
7,BA1_96_1_F4_nosplit,20.5,0.6221,0.6425,0.0204
8,BA1_96_1_F4_nosplit,24.0,0.6221,0.6183,0.0038
9,BA1_96_1_F4_nosplit,28.0,0.6221,0.5741,0.048
10,BA1_96_1_F4_nosplit,30.0,0.6221,0.203,0.419
,BA1_96_1_F4_nosplit,"set:3,6,8,10,13,15,17,20.5,24,28",0.6221,0.6557,0.0337
0,BA1_96_1_G10_nosplit,3.0,0.4635,0.479,0.0155
1,BA1_96_1_G10_nosplit,6.0,0.4635,0.4784,0.015
2,BA1_96_1_G10_nosplit,8.0,0.4635,0.4864,0.023
3,BA1_96_1_G10_nosplit,10.0,0.4635,0.4993,0.0359
4,BA1_96_1_G10_nosplit,13.0,0.4635,0.5075,0.0441
5,BA1_96_1_G10_nosplit,15.0,0.4635,0.5022,0.0388
6,BA1_96_1_G10_nosplit,17.0,0.4635,0.4864,0.0229
7,BA1_96_1_G10_nosplit,20.5,0.4635,0.5064,0.0429
8,BA1_96_1_G10_nosplit,24.0,0.4635,0.4733,0.0099
9,BA1_96_1_G10_nosplit,28.0,0.4635,0.459,0.0045
10,BA1_96_1_G10_nosplit,30.0,0.4635,0.2061,0.2574
,BA1_96_1_G10_nosplit,"set:3,6,8,10,13,15,17,20.5,24,28",0.4635,0.5558,0.0924
0,BA1_96_1_G3_nosplit,3.0,0.5745,0.5825,0.008
1,BA1_96_1_G3_nosplit,6.0,0.5745,0.5859,0.0114
2,BA1_96_1_G3_nosplit,8.0,0.5745,0.5927,0.0182
3,BA1_96_1_G3_nosplit,10.0,0.5745,0.5966,0.022
4,BA1_96_1_G3_nosplit,13.0,0.5745,0.5968,0.0222
5,BA1_96_1_G3_nosplit,15.0,0.5745,0.6044,0.0299
6,BA1_96_1_G3_nosplit,17.0,0.5745,0.5909,0.0164
7,BA1_96_1_G3_nosplit,20.5,0.5745,0.5749,0.0004
8,BA1_96_1_G3_nosplit,24.0,0.5745,0.5741,0.0005
9,BA1_96_1_G3_nosplit,28.0,0.5745,0.5411,0.0334
10,BA1_96_1_G3_nosplit,30.0,0.5745,0.2342,0.3403
,BA1_96_1_G3_nosplit,"set:3,6,8,10,13,15,17,20.5,24,28",0.5745,0.59,0.0154
0,BA1_96_1_H10_nosplit,3.0,0.7673,0.7701,0.0028
1,BA1_96_1_H10_nosplit,6.0,0.7673,0.7753,0.008
2,BA1_96_1_H10_nosplit,8.0,0.7673,0.774,0.0066
3,BA1_96_1_H10_nosplit,10.0,0.7673,0.7824,0.015
4,BA1_96_1_H10_nosplit,13.0,0.7673,0.7838,0.0164
5,BA1_96_1_H10_nosplit,15.0,0.7673,0.7927,0.0253
6,BA1_96_1_H10_nosplit,17.0,0.7673,0.7824,0.0151
7,BA1_96_1_H10_nosplit,20.5,0.7673,0.7811,0.0137
8,BA1_96_1_H10_nosplit,24.0,0.7673,0.7629,0.0044
9,BA1_96_1_H10_nosplit,28.0,0.7673,0.7284,0.0389
10,BA1_96_1_H10_nosplit,30.0,0.7673,0.2324,0.535
,BA1_96_1_H10_nosplit,"set:3,6,8,10,13,15,17,20.5,24,28",0.7673,0.7695,0.0021
0,BA2_96_1_C10_nosplit,3.0,0.6681,0.6752,0.0071
1,BA2_96_1_C10_nosplit,6.0,0.6681,0.6774,0.0093
2,BA2_96_1_C10_nosplit,8.0,0.6681,0.6754,0.0073
3,BA2_96_1_C10_nosplit,10.0,0.6681,0.6833,0.0152
4,BA2_96_1_C10_nosplit,13.0,0.6681,0.6881,0.02
5,BA2_96_1_C10_nosplit,15.0,0.6681,0.6889,0.0208
6,BA2_96_1_C10_nosplit,17.0,0.6681,0.6832,0.0151
7,BA2_96_1_C10_nosplit,20.5,0.6681,0.6763,0.0082
8,BA2_96_1_C10_nosplit,24.0,0.6681,0.657,0.0111
9,BA2_96_1_C10_nosplit,28.0,0.6681,0.5364,0.1317
10,BA2_96_1_C10_nosplit,30.0,0.6681,0.3045,0.3636
,BA2_96_1_C10_nosplit,"set:3,6,8,10,13,15,17,20.5,24,28",0.6681,0.5949,0.0732
0,BA2_96_1_C11_nosplit,3.0,0.8818,0.8861,0.0043
1,BA2_96_1_C11_nosplit,6.0,0.8818,0.8851,0.0033
2,BA2_96_1_C11_nosplit,8.0,0.8818,0.8861,0.0043
3,BA2_96_1_C11_nosplit,10.0,0.8818,0.8916,0.0098
4,BA2_96_1_C11_nosplit,13.0,0.8818,0.8917,0.0099
5,BA2_96_1_C11_nosplit,15.0,0.8818,0.8907,0.0089
6,BA2_96_1_C11_nosplit,17.0,0.8818,0.8881,0.0063
7,BA2_96_1_C11_nosplit,20.5,0.8818,0.8847,0.0029
8,BA2_96_1_C11_nosplit,24.0,0.8818,0.8735,0.0083
9,BA2_96_1_C11_nosplit,28.0,0.8818,0.8513,0.0305
10,BA2_96_1_C11_nosplit,30.0,0.8818,0.2817,0.6001
,BA2_96_1_C11_nosplit,"set:3,6,8,10,13,15,17,20.5,24,28",0.8818,0.8532,0.0286
0,BA2_96_1_C8_nosplit,3.0,0.8281,0.8319,0.0038
1,BA2_96_1_C8_nosplit,6.0,0.8281,0.8341,0.006
2,BA2_96_1_C8_nosplit,8.0,0.8281,0.8374,0.0093
3,BA2_96_1_C8_nosplit,10.0,0.8281,0.837,0.0089
4,BA2_96_1_C8_nosplit,13.0,0.8281,0.842,0.0139
5,BA2_96_1_C8_nosplit,15.0,0.8281,0.8399,0.0118
6,BA2_96_1_C8_nosplit,17.0,0.8281,0.8393,0.0112
7,BA2_96_1_C8_nosplit,20.5,0.8281,0.8302,0.0021
8,BA2_96_1_C8_nosplit,24.0,0.8281,0.8306,0.0025
9,BA2_96_1_C8_nosplit,28.0,0.8281,0.8065,0.0216
10,BA2_96_1_C8_nosplit,30.0,0.8281,0.2367,0.5914
,BA2_96_1_C8_nosplit,"set:3,6,8,10,13,15,17,20.5,24,28",0.8281,0.8323,0.0042
0,BA2_96_1_D9_nosplit,3.0,0.7413,0.7497,0.0085
1,BA2_96_1_D9_nosplit,6.0,0.7413,0.7537,0.0124
2,BA2_96_1_D9_nosplit,8.0,0.7413,0.7551,0.0138
3,BA2_96_1_D9_nosplit,10.0,0.7413,0.7631,0.0218
4,BA2_96_1_D9_nosplit,13.0,0.7413,0.7682,0.0269
5,BA2_96_1_D9_nosplit,15.0,0.7413,0.7564,0.0151
6,BA2_96_1_D9_nosplit,17.0,0.7413,0.7662,0.0249
7,BA2_96_1_D9_nosplit,20.5,0.7413,0.7483,0.0071
8,BA2_96_1_D9_nosplit,24.0,0.7413,0.7554,0.0141
9,BA2_96_1_D9_nosplit,28.0,0.7413,0.6938,0.0475
10,BA2_96_1_D9_nosplit,30.0,0.7413,0.2138,0.5275
,BA2_96_1_D9_nosplit,"set:3,6,8,10,13,15,17,20.5,24,28",0.7413,0.7688,0.0275
0,BA2_96_1_E12_nosplit,3.0,0.0954,0.1015,0.0061
1,BA2_96_1_E12_nosplit,6.0,0.0954,0.1016,0.0061
2,BA2_96_1_E12_nosplit,8.0,0.0954,0.1058,0.0103
3,BA2_96_1_E12_nosplit,10.0,0.0954,0.106,0.0105
4,BA2_96_1_E12_nosplit,13.0,0.0954,0.1106,0.0151
5,BA2_96_1_E12_nosplit,15.0,0.0954,0.1077,0.0122
6,BA2_96_1_E12_nosplit,17.0,0.0954,0.102,0.0066
7,BA2_96_1_E12_nosplit,20.5,0.0954,0.1034,0.008
8,BA2_96_1_E12_nosplit,24.0,0.0954,0.1028,0.0073
9,BA2_96_1_E12_nosplit,28.0,0.0954,0.104,0.0086
10,BA2_96_1_E12_nosplit,30.0,0.0954,0.1871,0.0916
,BA2_96_1_E12_nosplit,"set:3,6,8,10,13,15,17,20.5,24,28",0.0954,0.1688,0.0734
0,BA2_96_1_E3_nosplit,3.0,0.027,0.0283,0.0013
1,BA2_96_1_E3_nosplit,6.0,0.027,0.0292,0.0022
2,BA2_96_1_E3_nosplit,8.0,0.027,0.029,0.002
3,BA2_96_1_E3_nosplit,10.0,0.027,0.0306,0.0036
4,BA2_96_1_E3_nosplit,13.0,0.027,0.0292,0.0023
5,BA2_96_1_E3_nosplit,15.0,0.027,0.0321,0.0052
6,BA2_96_1_E3_nosplit,17.0,0.027,0.0293,0.0024
7,BA2_96_1_E3_nosplit,20.5,0.027,0.0299,0.003
8,BA2_96_1_E3_nosplit,24.0,0.027,0.0308,0.0038
9,BA2_96_1_E3_nosplit,28.0,0.027,0.0284,0.0014
10,BA2_96_1_E3_nosplit,30.0,0.027,0.1742,0.1473
,BA2_96_1_E3_nosplit,"set:3,6,8,10,13,15,17,20.5,24,28",0.027,0.0517,0.0247
0,BA2_96_1_E5_nosplit,3.0,0.7888,0.7931,0.0043
1,BA2_96_1_E5_nosplit,6.0,0.7888,0.7944,0.0056
2,BA2_96_1_E5_nosplit,8.0,0.7888,0.7983,0.0095
3,BA2_96_1_E5_nosplit,10.0,0.7888,0.801,0.0121
4,BA2_96_1_E5_nosplit,13.0,0.7888,0.8009,0.012
5,BA2_96_1_E5_nosplit,15.0,0.7888,0.8041,0.0152
6,BA2_96_1_E5_nosplit,17.0,0.7888,0.7928,0.0039
7,BA2_96_1_E5_nosplit,20.5,0.7888,0.7862,0.0026
8,BA2_96_1_E5_nosplit,24.0,0.7888,0.784,0.0048
9,BA2_96_1_E5_nosplit,28.0,0.7888,0.7397,0.0491
10,BA2_96_1_E5_nosplit,30.0,0.7888,0.2738,0.5151
,BA2_96_1_E5_nosplit,"set:3,6,8,10,13,15,17,20.5,24,28",0.7888,0.7717,0.0171
0,BA2_96_1_G7_nosplit,3.0,0.5315,0.5449,0.0134
1,BA2_96_1_G7_nosplit,6.0,0.5315,0.5494,0.018
2,BA2_96_1_G7_nosplit,8.0,0.5315,0.5429,0.0114
3,BA2_96_1_G7_nosplit,10.0,0.5315,0.5569,0.0254
4,BA2_96_1_G7_nosplit,13.0,0.5315,0.5672,0.0358
5,BA2_96_1_G7_nosplit,15.0,0.5315,0.5606,0.0291
6,BA2_96_1_G7_nosplit,17.0,0.5315,0.5562,0.0247
7,BA2_96_1_G7_nosplit,20.5,0.5315,0.5192,0.0123
8,BA2_96_1_G7_nosplit,24.0,0.5315,0.543,0.0115
9,BA2_96_1_G7_nosplit,28.0,0.5315,0.4978,0.0337
10,BA2_96_1_G7_nosplit,30.0,0.5315,0.2136,0.3178
,BA2_96_1_G7_nosplit,"set:3,6,8,10,13,15,17,20.5,24,28",0.5315,0.589,0.0576
0,BA2_96_1_H11_nosplit,3.0,0.8062,0.8081,0.0019
1,BA2_96_1_H11_nosplit,6.0,0.8062,0.8086,0.0025
2,BA2_96_1_H11_nosplit,8.0,0.8062,0.8124,0.0063
3,BA2_96_1_H11_nosplit,10.0,0.8062,0.8086,0.0024
4,BA2_96_1_H11_nosplit,13.0,0.8062,0.8122,0.006
5,BA2_96_1_H11_nosplit,15.0,0.8062,0.8135,0.0074
6,BA2_96_1_H11_nosplit,17.0,0.8062,0.8119,0.0057
7,BA2_96_1_H11_nosplit,20.5,0.8062,0.8069,0.0007
8,BA2_96_1_H11_nosplit,24.0,0.8062,0.791,0.0152
9,BA2_96_1_H11_nosplit,28.0,0.8062,0.7509,0.0552
10,BA2_96_1_H11_nosplit,30.0,0.8062,0.2681,0.5381
,BA2_96_1_H11_nosplit,"set:3,6,8,10,13,15,17,20.5,24,28",0.8062,0.7362,0.07
0,BA2_96_2_B10_nosplit,3.0,0.7894,0.7908,0.0014
1,BA2_96_2_B10_nosplit,6.0,0.7894,0.7962,0.0068
2,BA2_96_2_B10_nosplit,8.0,0.7894,0.7997,0.0102
3,BA2_96_2_B10_nosplit,10.0,0.7894,0.8083,0.0189
4,BA2_96_2_B10_nosplit,13.0,0.7894,0.8103,0.0209
5,BA2_96_2_B10_nosplit,15.0,0.7894,0.8051,0.0156
6,BA2_96_2_B10_nosplit,17.0,0.7894,0.8059,0.0164
7,BA2_96_2_B10_nosplit,20.5,0.7894,0.7947,0.0053
8,BA2_96_2_B10_nosplit,24.0,0.7894,0.7922,0.0028
9,BA2_96_2_B10_nosplit,28.0,0.7894,0.7552,0.0343
10,BA2_96_2_B10_nosplit,30.0,0.7894,0.2251,0.5643
,BA2_96_2_B10_nosplit,"set:3,6,8,10,13,15,17,20.5,24,28",0.7894,0.8137,0.0243
0,BA2_96_2_C2_nosplit,3.0,0.0945,0.0957,0.0012
1,BA2_96_2_C2_nosplit,6.0,0.0945,0.1024,0.0079
2,BA2_96_2_C2_nosplit,8.0,0.0945,0.1029,0.0084
3,BA2_96_2_C2_nosplit,10.0,0.0945,0.1027,0.0082
4,BA2_96_2_C2_nosplit,13.0,0.0945,0.1031,0.0086
5,BA2_96_2_C2_nosplit,15.0,0.0945,0.1013,0.0069
6,BA2_96_2_C2_nosplit,17.0,0.0945,0.1045,0.01
7,BA2_96_2_C2_nosplit,20.5,0.0945,0.1104,0.0159
8,BA2_96_2_C2_nosplit,24.0,0.0945,0.1078,0.0134
9,BA2_96_2_C2_nosplit,28.0,0.0945,0.1116,0.0171
10,BA2_96_2_C2_nosplit,30.0,0.0945,0.1572,0.0627
,BA2_96_2_C2_nosplit,"set:3,6,8,10,13,15,17,20.5,24,28",0.0945,0.1905,0.096
0,BA2_96_2_E8_nosplit,3.0,0.9346,0.9349,0.0004
1,BA2_96_2_E8_nosplit,6.0,0.9346,0.9364,0.0018
2,BA2_96_2_E8_nosplit,8.0,0.9346,0.9392,0.0046
3,BA2_96_2_E8_nosplit,10.0,0.9346,0.9376,0.003
4,BA2_96_2_E8_nosplit,13.0,0.9346,0.9397,0.0052
5,BA2_96_2_E8_nosplit,15.0,0.9346,0.9364,0.0019
6,BA2_96_2_E8_nosplit,17.0,0.9346,0.9375,0.0029
7,BA2_96_2_E8_nosplit,20.5,0.9346,0.935,0.0004
8,BA2_96_2_E8_nosplit,24.0,0.9346,0.9303,0.0043
9,BA2_96_2_E8_nosplit,28.0,0.9346,0.9135,0.0211
10,BA2_96_2_E8_nosplit,30.0,0.9346,0.2658,0.6687
,BA2_96_2_E8_nosplit,"set:3,6,8,10,13,15,17,20.5,24,28",0.9346,0.9245,0.0101
0,BA2_96_2_F11_nosplit,3.0,0.8261,0.8289,0.0028
1,BA2_96_2_F11_nosplit,6.0,0.8261,0.8299,0.0037
2,BA2_96_2_F11_nosplit,8.0,0.8261,0.8346,0.0084
3,BA2_96_2_F11_nosplit,10.0,0.8261,0.8378,0.0117
4,BA2_96_2_F11_nosplit,13.0,0.8261,0.8373,0.0111
5,BA2_96_2_F11_nosplit,15.0,0.8261,0.835,0.0089
6,BA2_96_2_F11_nosplit,17.0,0.8261,0.8339,0.0077
7,BA2_96_2_F11_nosplit,20.5,0.8261,0.8346,0.0085
8,BA2_96_2_F11_nosplit,24.0,0.8261,0.8268,0.0007
9,BA2_96_2_F11_nosplit,28.0,0.8261,0.7829,0.0432
10,BA2_96_2_F11_nosplit,30.0,0.8261,0.2463,0.5799
,BA2_96_2_F11_nosplit,"set:3,6,8,10,13,15,17,20.5,24,28",0.8261,0.818,0.0081
0,BA2_96_2_F12_nosplit,3.0,0.0658,0.0662,0.0004
1,BA2_96_2_F12_nosplit,6.0,0.0658,0.0697,0.0039
2,BA2_96_2_F12_nosplit,8.0,0.0658,0.069,0.0032
3,BA2_96_2_F12_nosplit,10.0,0.0658,0.0719,0.0061
4,BA2_96_2_F12_nosplit,13.0,0.0658,0.0715,0.0057
5,BA2_96_2_F12_nosplit,15.0,0.0658,0.0701,0.0043
6,BA2_96_2_F12_nosplit,17.0,0.0658,0.073,0.0072
7,BA2_96_2_F12_nosplit,20.5,0.0658,0.0728,0.007
8,BA2_96_2_F12_nosplit,24.0,0.0658,0.0739,0.0081
9,BA2_96_2_F12_nosplit,28.0,0.0658,0.071,0.0052
10,BA2_96_2_F12_nosplit,30.0,0.0658,0.1798,0.114
,BA2_96_2_F12_nosplit,"set:3,6,8,10,13,15,17,20.5,24,28",0.0658,0.1084,0.0426
0,BA2_96_2_G1_nosplit,3.0,0.8566,0.8574,0.0008
1,BA2_96_2_G1_nosplit,6.0,0.8566,0.8587,0.002
2,BA2_96_2_G1_nosplit,8.0,0.8566,0.864,0.0074
3,BA2_96_2_G1_nosplit,10.0,0.8566,0.8653,0.0087
4,BA2_96_2_G1_nosplit,13.0,0.8566,0.8663,0.0097
5,BA2_96_2_G1_nosplit,15.0,0.8566,0.8697,0.0131
6,BA2_96_2_G1_nosplit,17.0,0.8566,0.8649,0.0083
7,BA2_96_2_G1_nosplit,20.5,0.8566,0.8537,0.0029
8,BA2_96_2_G1_nosplit,24.0,0.8566,0.8404,0.0162
9,BA2_96_2_G1_nosplit,28.0,0.8566,0.8064,0.0502
10,BA2_96_2_G1_nosplit,30.0,0.8566,0.2619,0.5948
,BA2_96_2_G1_nosplit,"set:3,6,8,10,13,15,17,20.5,24,28",0.8566,0.8287,0.028
0,BA2_96_2_G3_nosplit,3.0,0.8125,0.8158,0.0033
1,BA2_96_2_G3_nosplit,6.0,0.8125,0.8181,0.0056
2,BA2_96_2_G3_nosplit,8.0,0.8125,0.8206,0.0081
3,BA2_96_2_G3_nosplit,10.0,0.8125,0.8225,0.01
4,BA2_96_2_G3_nosplit,13.0,0.8125,0.8202,0.0077
5,BA2_96_2_G3_nosplit,15.0,0.8125,0.8209,0.0084
6,BA2_96_2_G3_nosplit,17.0,0.8125,0.8196,0.0071
7,BA2_96_2_G3_nosplit,20.5,0.8125,0.8036,0.0089
8,BA2_96_2_G3_nosplit,24.0,0.8125,0.8014,0.0111
9,BA2_96_2_G3_nosplit,28.0,0.8125,0.7783,0.0342
10,BA2_96_2_G3_nosplit,30.0,0.8125,0.2555,0.557
,BA2_96_2_G3_nosplit,"set:3,6,8,10,13,15,17,20.5,24,28",0.8125,0.7891,0.0234
0,BA2_96_2_G6_nosplit,3.0,0.3369,0.3479,0.011
1,BA2_96_2_G6_nosplit,6.0,0.3369,0.3542,0.0173
2,BA2_96_2_G6_nosplit,8.0,0.3369,0.3547,0.0178
3,BA2_96_2_G6_nosplit,10.0,0.3369,0.3564,0.0195
4,BA2_96_2_G6_nosplit,13.0,0.3369,0.3623,0.0254
5,BA2_96_2_G6_nosplit,15.0,0.3369,0.355,0.0181
6,BA2_96_2_G6_nosplit,17.0,0.3369,0.349,0.0121
7,BA2_96_2_G6_nosplit,20.5,0.3369,0.3328,0.0041
8,BA2_96_2_G6_nosplit,24.0,0.3369,0.3619,0.025
9,BA2_96_2_G6_nosplit,28.0,0.3369,0.3136,0.0233
10,BA2_96_2_G6_nosplit,30.0,0.3369,0.2037,0.1332
,BA2_96_2_G6_nosplit,"set:3,6,8,10,13,15,17,20.5,24,28",0.3369,0.376,0.0391
0,BA2_96_2_G9_nosplit,3.0,0.0371,0.0385,0.0015
1,BA2_96_2_G9_nosplit,6.0,0.0371,0.0402,0.0032
2,BA2_96_2_G9_nosplit,8.0,0.0371,0.0404,0.0034
3,BA2_96_2_G9_nosplit,10.0,0.0371,0.0431,0.006
4,BA2_96_2_G9_nosplit,13.0,0.0371,0.043,0.0059
5,BA2_96_2_G9_nosplit,15.0,0.0371,0.0414,0.0043
6,BA2_96_2_G9_nosplit,17.0,0.0371,0.0443,0.0072
7,BA2_96_2_G9_nosplit,20.5,0.0371,0.0446,0.0075
8,BA2_96_2_G9_nosplit,24.0,0.0371,0.0447,0.0076
9,BA2_96_2_G9_nosplit,28.0,0.0371,0.044,0.007
10,BA2_96_2_G9_nosplit,30.0,0.0371,0.1425,0.1054
,BA2_96_2_G9_nosplit,"set:3,6,8,10,13,15,17,20.5,24,28",0.0371,0.095,0.058
0,BA2_96_2_H3_nosplit,3.0,0.2776,0.292,0.0145
1,BA2_96_2_H3_nosplit,6.0,0.2776,0.2938,0.0163
2,BA2_96_2_H3_nosplit,8.0,0.2776,0.2956,0.018
3,BA2_96_2_H3_nosplit,10.0,0.2776,0.3022,0.0247
4,BA2_96_2_H3_nosplit,13.0,0.2776,0.2966,0.019
5,BA2_96_2_H3_nosplit,15.0,0.2776,0.3061,0.0285
6,BA2_96_2_H3_nosplit,17.0,0.2776,0.3143,0.0367
7,BA2_96_2_H3_nosplit,20.5,0.2776,0.2841,0.0066
8,BA2_96_2_H3_nosplit,24.0,0.2776,0.2898,0.0123
9,BA2_96_2_H3_nosplit,28.0,0.2776,0.2847,0.0071
10,BA2_96_2_H3_nosplit,30.0,0.2776,0.1837,0.0939
,BA2_96_2_H3_nosplit,"set:3,6,8,10,13,15,17,20.5,24,28",0.2776,0.3833,0.1057
0,BA2_96_2_H8_nosplit,3.0,0.8129,0.8163,0.0034
1,BA2_96_2_H8_nosplit,6.0,0.8129,0.8154,0.0025
2,BA2_96_2_H8_nosplit,8.0,0.8129,0.8187,0.0058
3,BA2_96_2_H8_nosplit,10.0,0.8129,0.8235,0.0106
4,BA2_96_2_H8_nosplit,13.0,0.8129,0.8236,0.0107
5,BA2_96_2_H8_nosplit,15.0,0.8129,0.8269,0.014
6,BA2_96_2_H8_nosplit,17.0,0.8129,0.8156,0.0027
7,BA2_96_2_H8_nosplit,20.5,0.8129,0.8079,0.005
8,BA2_96_2_H8_nosplit,24.0,0.8129,0.7979,0.015
9,BA2_96_2_H8_nosplit,28.0,0.8129,0.7767,0.0361
10,BA2_96_2_H8_nosplit,30.0,0.8129,0.2807,0.5322
,BA2_96_2_H8_nosplit,"set:3,6,8,10,13,15,17,20.5,24,28",0.8129,0.7729,0.0399
