organoid_id,day,prob_full,prob_occluded,importance
BA1_96_1_B9_nosplit,3.0,0.4674,0.4717,0.0043
BA1_96_1_B9_nosplit,6.0,0.4674,0.4685,0.0011
BA1_96_1_B9_nosplit,8.0,0.4674,0.4791,0.0117
BA1_96_1_B9_nosplit,10.0,0.4674,0.497,0.0296
BA1_96_1_B9_nosplit,13.0,0.4674,0.496,0.0286
BA1_96_1_B9_nosplit,15.0,0.4674,0.4953,0.0278
BA1_96_1_B9_nosplit,17.0,0.4674,0.4817,0.0143
BA1_96_1_B9_nosplit,20.5,0.4674,0.4863,0.0189
BA1_96_1_B9_nosplit,24.0,0.4674,0.4517,0.0157
BA1_96_1_B9_nosplit,28.0,0.4674,0.4288,0.0386
BA1_96_1_B9_nosplit,30.0,0.4674,0.2122,0.2552
BA1_96_1_C10_nosplit,3.0,0.5316,0.5405,0.0089
BA1_96_1_C10_nosplit,6.0,0.5316,0.541,0.0094
BA1_96_1_C10_nosplit,8.0,0.5316,0.5416,0.01
BA1_96_1_C10_nosplit,10.0,0.5316,0.5542,0.0226
BA1_96_1_C10_nosplit,13.0,0.5316,0.5523,0.0207
BA1_96_1_C10_nosplit,15.0,0.5316,0.5607,0.0291
BA1_96_1_C10_nosplit,17.0,0.5316,0.54,0.0084
BA1_96_1_C10_nosplit,20.5,0.5316,0.5468,0.0152
BA1_96_1_C10_nosplit,24.0,0.5316,0.518,0.0136
BA1_96_1_C10_nosplit,28.0,0.5316,0.4777,0.0539
BA1_96_1_C10_nosplit,30.0,0.5316,0.2524,0.2792
BA1_96_1_F2_nosplit,3.0,0.6359,0.6424,0.0065
BA1_96_1_F2_nosplit,6.0,0.6359,0.6456,0.0096
BA1_96_1_F2_nosplit,8.0,0.6359,0.6509,0.015
BA1_96_1_F2_nosplit,10.0,0.6359,0.6509,0.0149
BA1_96_1_F2_nosplit,13.0,0.6359,0.6648,0.0289
BA1_96_1_F2_nosplit,15.0,0.6359,0.6704,0.0345
BA1_96_1_F2_nosplit,17.0,0.6359,0.645,0.0091
BA1_96_1_F2_nosplit,20.5,0.6359,0.6538,0.0178
BA1_96_1_F2_nosplit,24.0,0.6359,0.6323,0.0036
BA1_96_1_F2_nosplit,28.0,0.6359,0.6067,0.0293
BA1_96_1_F2_nosplit,30.0,0.6359,0.202,0.4339
BA1_96_1_F4_nosplit,3.0,0.6198,0.6224,0.0027
BA1_96_1_F4_nosplit,6.0,0.6198,0.6301,0.0103
BA1_96_1_F4_nosplit,8.0,0.6198,0.6312,0.0115
BA1_96_1_F4_nosplit,10.0,0.6198,0.6446,0.0249
BA1_96_1_F4_nosplit,13.0,0.6198,0.6547,0.0349
BA1_96_1_F4_nosplit,15.0,0.6198,0.6515,0.0318
BA1_96_1_F4_nosplit,17.0,0.6198,0.634,0.0142
BA1_96_1_F4_nosplit,20.5,0.6198,0.6401,0.0203
BA1_96_1_F4_nosplit,24.0,0.6198,0.6154,0.0044
BA1_96_1_F4_nosplit,28.0,0.6198,0.5714,0.0484
BA1_96_1_F4_nosplit,30.0,0.6198,0.2024,0.4173
BA1_96_1_G10_nosplit,3.0,0.4631,0.4787,0.0156
BA1_96_1_G10_nosplit,6.0,0.4631,0.4783,0.0152
BA1_96_1_G10_nosplit,8.0,0.4631,0.486,0.023
BA1_96_1_G10_nosplit,10.0,0.4631,0.4988,0.0357
BA1_96_1_G10_nosplit,13.0,0.4631,0.5071,0.044
BA1_96_1_G10_nosplit,15.0,0.4631,0.5018,0.0387
BA1_96_1_G10_nosplit,17.0,0.4631,0.4859,0.0228
BA1_96_1_G10_nosplit,20.5,0.4631,0.5058,0.0428
BA1_96_1_G10_nosplit,24.0,0.4631,0.4724,0.0093
BA1_96_1_G10_nosplit,28.0,0.4631,0.4584,0.0047
BA1_96_1_G10_nosplit,30.0,0.4631,0.2056,0.2574
BA1_96_1_G3_nosplit,3.0,0.5749,0.5831,0.0081
BA1_96_1_G3_nosplit,6.0,0.5749,0.5864,0.0115
BA1_96_1_G3_nosplit,8.0,0.5749,0.5932,0.0182
BA1_96_1_G3_nosplit,10.0,0.5749,0.5971,0.0221
BA1_96_1_G3_nosplit,13.0,0.5749,0.5974,0.0224
BA1_96_1_G3_nosplit,15.0,0.5749,0.6048,0.0298
BA1_96_1_G3_nosplit,17.0,0.5749,0.5915,0.0166
BA1_96_1_G3_nosplit,20.5,0.5749,0.5753,0.0004
BA1_96_1_G3_nosplit,24.0,0.5749,0.5746,0.0004
BA1_96_1_G3_nosplit,28.0,0.5749,0.5416,0.0334
BA1_96_1_G3_nosplit,30.0,0.5749,0.2338,0.3411
BA1_96_1_H10_nosplit,3.0,0.767,0.7698,0.0028
BA1_96_1_H10_nosplit,6.0,0.767,0.7749,0.0079
BA1_96_1_H10_nosplit,8.0,0.767,0.7735,0.0065
BA1_96_1_H10_nosplit,10.0,0.767,0.782,0.015
BA1_96_1_H10_nosplit,13.0,0.767,0.7833,0.0163
BA1_96_1_H10_nosplit,15.0,0.767,0.7924,0.0254
BA1_96_1_H10_nosplit,17.0,0.767,0.7818,0.0148
BA1_96_1_H10_nosplit,20.5,0.767,0.7807,0.0137
BA1_96_1_H10_nosplit,24.0,0.767,0.7627,0.0043
BA1_96_1_H10_nosplit,28.0,0.767,0.728,0.039
BA1_96_1_H10_nosplit,30.0,0.767,0.2322,0.5348
BA2_96_1_C10_nosplit,3.0,0.6683,0.6753,0.007
BA2_96_1_C10_nosplit,6.0,0.6683,0.6776,0.0093
BA2_96_1_C10_nosplit,8.0,0.6683,0.6756,0.0073
BA2_96_1_C10_nosplit,10.0,0.6683,0.6834,0.0151
BA2_96_1_C10_nosplit,13.0,0.6683,0.6883,0.02
BA2_96_1_C10_nosplit,15.0,0.6683,0.6891,0.0209
BA2_96_1_C10_nosplit,17.0,0.6683,0.6834,0.0151
BA2_96_1_C10_nosplit,20.5,0.6683,0.6764,0.0081
BA2_96_1_C10_nosplit,24.0,0.6683,0.6569,0.0113
BA2_96_1_C10_nosplit,28.0,0.6683,0.5363,0.132
BA2_96_1_C10_nosplit,30.0,0.6683,0.3038,0.3645
BA2_96_1_C11_nosplit,3.0,0.8818,0.8861,0.0043
BA2_96_1_C11_nosplit,6.0,0.8818,0.8851,0.0033
BA2_96_1_C11_nosplit,8.0,0.8818,0.8861,0.0043
BA2_96_1_C11_nosplit,10.0,0.8818,0.8916,0.0097
BA2_96_1_C11_nosplit,13.0,0.8818,0.8917,0.0099
BA2_96_1_C11_nosplit,15.0,0.8818,0.8907,0.0089
BA2_96_1_C11_nosplit,17.0,0.8818,0.8881,0.0063
BA2_96_1_C11_nosplit,20.5,0.8818,0.8847,0.0029
BA2_96_1_C11_nosplit,24.0,0.8818,0.8734,0.0085
BA2_96_1_C11_nosplit,28.0,0.8818,0.8513,0.0305
BA2_96_1_C11_nosplit,30.0,0.8818,0.2812,0.6007
BA2_96_1_C8_nosplit,3.0,0.8278,0.8316,0.0038
BA2_96_1_C8_nosplit,6.0,0.8278,0.8338,0.006
BA2_96_1_C8_nosplit,8.0,0.8278,0.8373,0.0095
BA2_96_1_C8_nosplit,10.0,0.8278,0.8367,0.0089
BA2_96_1_C8_nosplit,13.0,0.8278,0.8418,0.014
BA2_96_1_C8_nosplit,15.0,0.8278,0.8396,0.0118
BA2_96_1_C8_nosplit,17.0,0.8278,0.839,0.0112
BA2_96_1_C8_nosplit,20.5,0.8278,0.8299,0.0021
BA2_96_1_C8_nosplit,24.0,0.8278,0.8303,0.0024
BA2_96_1_C8_nosplit,28.0,0.8278,0.806,0.0218
BA2_96_1_C8_nosplit,30.0,0.8278,0.2358,0.592
BA2_96_1_D9_nosplit,3.0,0.7411,0.7495,0.0084
BA2_96_1_D9_nosplit,6.0,0.7411,0.7535,0.0124
BA2_96_1_D9_nosplit,8.0,0.7411,0.7548,0.0137
BA2_96_1_D9_nosplit,10.0,0.7411,0.7629,0.0217
BA2_96_1_D9_nosplit,13.0,0.7411,0.7681,0.027
BA2_96_1_D9_nosplit,15.0,0.7411,0.7562,0.0151
BA2_96_1_D9_nosplit,17.0,0.7411,0.7659,0.0248
BA2_96_1_D9_nosplit,20.5,0.7411,0.7481,0.007
BA2_96_1_D9_nosplit,24.0,0.7411,0.7551,0.014
BA2_96_1_D9_nosplit,28.0,0.7411,0.6935,0.0476
BA2_96_1_D9_nosplit,30.0,0.7411,0.2134,0.5277
BA2_96_1_E12_nosplit,3.0,0.0951,0.1011,0.006
BA2_96_1_E12_nosplit,6.0,0.0951,0.1012,0.006
BA2_96_1_E12_nosplit,8.0,0.0951,0.1054,0.0102
BA2_96_1_E12_nosplit,10.0,0.0951,0.1056,0.0105
BA2_96_1_E12_nosplit,13.0,0.0951,0.1101,0.015
BA2_96_1_E12_nosplit,15.0,0.0951,0.1072,0.0121
BA2_96_1_E12_nosplit,17.0,0.0951,0.1017,0.0066
BA2_96_1_E12_nosplit,20.5,0.0951,0.1029,0.0078
BA2_96_1_E12_nosplit,24.0,0.0951,0.1022,0.0071
BA2_96_1_E12_nosplit,28.0,0.0951,0.1036,0.0085
BA2_96_1_E12_nosplit,30.0,0.0951,0.187,0.0919
BA2_96_1_E3_nosplit,3.0,0.0271,0.0284,0.0013
BA2_96_1_E3_nosplit,6.0,0.0271,0.0294,0.0022
BA2_96_1_E3_nosplit,8.0,0.0271,0.0292,0.0021
BA2_96_1_E3_nosplit,10.0,0.0271,0.0307,0.0036
BA2_96_1_E3_nosplit,13.0,0.0271,0.0294,0.0023
BA2_96_1_E3_nosplit,15.0,0.0271,0.0323,0.0052
BA2_96_1_E3_nosplit,17.0,0.0271,0.0295,0.0024
BA2_96_1_E3_nosplit,20.5,0.0271,0.0301,0.003
BA2_96_1_E3_nosplit,24.0,0.0271,0.0309,0.0038
BA2_96_1_E3_nosplit,28.0,0.0271,0.0285,0.0014
BA2_96_1_E3_nosplit,30.0,0.0271,0.174,0.1468
BA2_96_1_E5_nosplit,3.0,0.7896,0.7938,0.0042
BA2_96_1_E5_nosplit,6.0,0.7896,0.7952,0.0055
BA2_96_1_E5_nosplit,8.0,0.7896,0.799,0.0094
BA2_96_1_E5_nosplit,10.0,0.7896,0.8018,0.0121
BA2_96_1_E5_nosplit,13.0,0.7896,0.8017,0.0121
BA2_96_1_E5_nosplit,15.0,0.7896,0.8048,0.0152
BA2_96_1_E5_nosplit,17.0,0.7896,0.7935,0.0038
BA2_96_1_E5_nosplit,20.5,0.7896,0.787,0.0027
BA2_96_1_E5_nosplit,24.0,0.7896,0.7848,0.0048
BA2_96_1_E5_nosplit,28.0,0.7896,0.7406,0.049
BA2_96_1_E5_nosplit,30.0,0.7896,0.2735,0.5161
BA2_96_1_G7_nosplit,3.0,0.5315,0.5449,0.0135
BA2_96_1_G7_nosplit,6.0,0.5315,0.5493,0.0179
BA2_96_1_G7_nosplit,8.0,0.5315,0.5429,0.0114
BA2_96_1_G7_nosplit,10.0,0.5315,0.5569,0.0254
BA2_96_1_G7_nosplit,13.0,0.5315,0.5673,0.0358
BA2_96_1_G7_nosplit,15.0,0.5315,0.5604,0.0289
BA2_96_1_G7_nosplit,17.0,0.5315,0.5561,0.0247
BA2_96_1_G7_nosplit,20.5,0.5315,0.5192,0.0123
BA2_96_1_G7_nosplit,24.0,0.5315,0.543,0.0116
BA2_96_1_G7_nosplit,28.0,0.5315,0.4979,0.0336
BA2_96_1_G7_nosplit,30.0,0.5315,0.2132,0.3183
BA2_96_1_H11_nosplit,3.0,0.8058,0.8077,0.0019
BA2_96_1_H11_nosplit,6.0,0.8058,0.8083,0.0025
BA2_96_1_H11_nosplit,8.0,0.8058,0.8121,0.0063
BA2_96_1_H11_nosplit,10.0,0.8058,0.8082,0.0024
BA2_96_1_H11_nosplit,13.0,0.8058,0.8117,0.0059
BA2_96_1_H11_nosplit,15.0,0.8058,0.8131,0.0074
BA2_96_1_H11_nosplit,17.0,0.8058,0.8115,0.0057
BA2_96_1_H11_nosplit,20.5,0.8058,0.8066,0.0008
BA2_96_1_H11_nosplit,24.0,0.8058,0.7907,0.0151
BA2_96_1_H11_nosplit,28.0,0.8058,0.7504,0.0554
BA2_96_1_H11_nosplit,30.0,0.8058,0.2677,0.5381
BA2_96_2_B10_nosplit,3.0,0.7889,0.7903,0.0013
BA2_96_2_B10_nosplit,6.0,0.7889,0.7956,0.0066
BA2_96_2_B10_nosplit,8.0,0.7889,0.7991,0.0101
BA2_96_2_B10_nosplit,10.0,0.7889,0.8078,0.0189
BA2_96_2_B10_nosplit,13.0,0.7889,0.8098,0.0209
BA2_96_2_B10_nosplit,15.0,0.7889,0.8047,0.0157
BA2_96_2_B10_nosplit,17.0,0.7889,0.8054,0.0165
BA2_96_2_B10_nosplit,20.5,0.7889,0.7941,0.0052
BA2_96_2_B10_nosplit,24.0,0.7889,0.7916,0.0027
BA2_96_2_B10_nosplit,28.0,0.7889,0.7545,0.0344
BA2_96_2_B10_nosplit,30.0,0.7889,0.2248,0.5641
BA2_96_2_C2_nosplit,3.0,0.0944,0.0957,0.0012
BA2_96_2_C2_nosplit,6.0,0.0944,0.1023,0.0079
BA2_96_2_C2_nosplit,8.0,0.0944,0.1028,0.0083
BA2_96_2_C2_nosplit,10.0,0.0944,0.1026,0.0082
BA2_96_2_C2_nosplit,13.0,0.0944,0.103,0.0086
BA2_96_2_C2_nosplit,15.0,0.0944,0.1012,0.0068
BA2_96_2_C2_nosplit,17.0,0.0944,0.1044,0.0099
BA2_96_2_C2_nosplit,20.5,0.0944,0.1102,0.0158
BA2_96_2_C2_nosplit,24.0,0.0944,0.1078,0.0133
BA2_96_2_C2_nosplit,28.0,0.0944,0.1115,0.017
BA2_96_2_C2_nosplit,30.0,0.0944,0.1569,0.0625
BA2_96_2_E8_nosplit,3.0,0.9341,0.9344,0.0004
BA2_96_2_E8_nosplit,6.0,0.9341,0.9359,0.0018
BA2_96_2_E8_nosplit,8.0,0.9341,0.9388,0.0047
BA2_96_2_E8_nosplit,10.0,0.9341,0.9371,0.003
BA2_96_2_E8_nosplit,13.0,0.9341,0.9394,0.0053
BA2_96_2_E8_nosplit,15.0,0.9341,0.936,0.0019
BA2_96_2_E8_nosplit,17.0,0.9341,0.937,0.0029
BA2_96_2_E8_nosplit,20.5,0.9341,0.9345,0.0004
BA2_96_2_E8_nosplit,24.0,0.9341,0.9297,0.0044
BA2_96_2_E8_nosplit,28.0,0.9341,0.9129,0.0212
BA2_96_2_E8_nosplit,30.0,0.9341,0.2653,0.6687
BA2_96_2_F11_nosplit,3.0,0.8263,0.8291,0.0028
BA2_96_2_F11_nosplit,6.0,0.8263,0.8301,0.0038
BA2_96_2_F11_nosplit,8.0,0.8263,0.8347,0.0084
BA2_96_2_F11_nosplit,10.0,0.8263,0.838,0.0117
BA2_96_2_F11_nosplit,13.0,0.8263,0.8374,0.0111
BA2_96_2_F11_nosplit,15.0,0.8263,0.8352,0.0089
BA2_96_2_F11_nosplit,17.0,0.8263,0.834,0.0076
BA2_96_2_F11_nosplit,20.5,0.8263,0.8347,0.0084
BA2_96_2_F11_nosplit,24.0,0.8263,0.8269,0.0006
BA2_96_2_F11_nosplit,28.0,0.8263,0.7827,0.0436
BA2_96_2_F11_nosplit,30.0,0.8263,0.2456,0.5807
BA2_96_2_F12_nosplit,3.0,0.0659,0.0663,0.0004
BA2_96_2_F12_nosplit,6.0,0.0659,0.0698,0.0039
BA2_96_2_F12_nosplit,8.0,0.0659,0.0691,0.0032
BA2_96_2_F12_nosplit,10.0,0.0659,0.072,0.0061
BA2_96_2_F12_nosplit,13.0,0.0659,0.0716,0.0057
BA2_96_2_F12_nosplit,15.0,0.0659,0.0703,0.0043
BA2_96_2_F12_nosplit,17.0,0.0659,0.0731,0.0072
BA2_96_2_F12_nosplit,20.5,0.0659,0.073,0.007
BA2_96_2_F12_nosplit,24.0,0.0659,0.074,0.008
BA2_96_2_F12_nosplit,28.0,0.0659,0.0711,0.0052
BA2_96_2_F12_nosplit,30.0,0.0659,0.1798,0.1138
BA2_96_2_G1_nosplit,3.0,0.8562,0.8569,0.0008
BA2_96_2_G1_nosplit,6.0,0.8562,0.8582,0.002
BA2_96_2_G1_nosplit,8.0,0.8562,0.8636,0.0074
BA2_96_2_G1_nosplit,10.0,0.8562,0.8649,0.0087
BA2_96_2_G1_nosplit,13.0,0.8562,0.8659,0.0097
BA2_96_2_G1_nosplit,15.0,0.8562,0.8693,0.0131
BA2_96_2_G1_nosplit,17.0,0.8562,0.8644,0.0083
BA2_96_2_G1_nosplit,20.5,0.8562,0.8533,0.0029
BA2_96_2_G1_nosplit,24.0,0.8562,0.8399,0.0163
BA2_96_2_G1_nosplit,28.0,0.8562,0.8057,0.0504
BA2_96_2_G1_nosplit,30.0,0.8562,0.2615,0.5946
BA2_96_2_G3_nosplit,3.0,0.813,0.8162,0.0032
BA2_96_2_G3_nosplit,6.0,0.813,0.8185,0.0056
BA2_96_2_G3_nosplit,8.0,0.813,0.8211,0.0081
BA2_96_2_G3_nosplit,10.0,0.813,0.8229,0.01
BA2_96_2_G3_nosplit,13.0,0.813,0.8207,0.0077
BA2_96_2_G3_nosplit,15.0,0.813,0.8213,0.0083
BA2_96_2_G3_nosplit,17.0,0.813,0.82,0.0071
BA2_96_2_G3_nosplit,20.5,0.813,0.8041,0.0089
BA2_96_2_G3_nosplit,24.0,0.813,0.8018,0.0111
BA2_96_2_G3_nosplit,28.0,0.813,0.7786,0.0344
BA2_96_2_G3_nosplit,30.0,0.813,0.2549,0.558
BA2_96_2_G6_nosplit,3.0,0.3368,0.3478,0.011
BA2_96_2_G6_nosplit,6.0,0.3368,0.3539,0.0172
BA2_96_2_G6_nosplit,8.0,0.3368,0.3543,0.0175
BA2_96_2_G6_nosplit,10.0,0.3368,0.3561,0.0193
BA2_96_2_G6_nosplit,13.0,0.3368,0.362,0.0252
BA2_96_2_G6_nosplit,15.0,0.3368,0.3547,0.0179
BA2_96_2_G6_nosplit,17.0,0.3368,0.3488,0.012
BA2_96_2_G6_nosplit,20.5,0.3368,0.3327,0.0041
BA2_96_2_G6_nosplit,24.0,0.3368,0.3617,0.0249
BA2_96_2_G6_nosplit,28.0,0.3368,0.3136,0.0231
BA2_96_2_G6_nosplit,30.0,0.3368,0.2034,0.1334
BA2_96_2_G9_nosplit,3.0,0.0367,0.0382,0.0014
BA2_96_2_G9_nosplit,6.0,0.0367,0.0398,0.0031
BA2_96_2_G9_nosplit,8.0,0.0367,0.0401,0.0033
BA2_96_2_G9_nosplit,10.0,0.0367,0.0427,0.0059
BA2_96_2_G9_nosplit,13.0,0.0367,0.0426,0.0059
BA2_96_2_G9_nosplit,15.0,0.0367,0.0409,0.0042
BA2_96_2_G9_nosplit,17.0,0.0367,0.0439,0.0072
BA2_96_2_G9_nosplit,20.5,0.0367,0.0442,0.0075
BA2_96_2_G9_nosplit,24.0,0.0367,0.0442,0.0075
BA2_96_2_G9_nosplit,28.0,0.0367,0.0437,0.0069
BA2_96_2_G9_nosplit,30.0,0.0367,0.1423,0.1056
BA2_96_2_H3_nosplit,3.0,0.2781,0.2925,0.0144
BA2_96_2_H3_nosplit,6.0,0.2781,0.2942,0.0161
BA2_96_2_H3_nosplit,8.0,0.2781,0.2961,0.018
BA2_96_2_H3_nosplit,10.0,0.2781,0.3027,0.0246
BA2_96_2_H3_nosplit,13.0,0.2781,0.297,0.0189
BA2_96_2_H3_nosplit,15.0,0.2781,0.3066,0.0285
BA2_96_2_H3_nosplit,17.0,0.2781,0.3148,0.0366
BA2_96_2_H3_nosplit,20.5,0.2781,0.2848,0.0067
BA2_96_2_H3_nosplit,24.0,0.2781,0.2903,0.0122
BA2_96_2_H3_nosplit,28.0,0.2781,0.2854,0.0073
BA2_96_2_H3_nosplit,30.0,0.2781,0.1832,0.0949
BA2_96_2_H8_nosplit,3.0,0.8128,0.8162,0.0034
BA2_96_2_H8_nosplit,6.0,0.8128,0.8154,0.0025
BA2_96_2_H8_nosplit,8.0,0.8128,0.8188,0.0059
BA2_96_2_H8_nosplit,10.0,0.8128,0.8236,0.0107
BA2_96_2_H8_nosplit,13.0,0.8128,0.8236,0.0108
BA2_96_2_H8_nosplit,15.0,0.8128,0.8269,0.0141
BA2_96_2_H8_nosplit,17.0,0.8128,0.8156,0.0027
BA2_96_2_H8_nosplit,20.5,0.8128,0.8078,0.0051
BA2_96_2_H8_nosplit,24.0,0.8128,0.7978,0.0151
BA2_96_2_H8_nosplit,28.0,0.8128,0.7767,0.0362
BA2_96_2_H8_nosplit,30.0,0.8128,0.2801,0.5328
